No.,Latitiude,Longitude,Offence,Date,Time,Additional Notes
1,57.1627,-3.7035,Poop,16/07/2021,12:49:00,
2,57.1625,-3.7026,Poop,16/07/2021,12:50:00,
3,57.1621,-3.7033,Poop,16/07/2021,13:01:00,
4,57.1612,-3.7023,Poop,16/07/2021,13:05:00,
5,57.168,-3.7022,Poop,16/07/2021,14:17:00,
6,57.1625,-3.7021,Poop,17/07/2021,10:04:00,
7,57.1626,-3.7027,Poop,17/07/2021,10:05:00,
8,57.1645,-3.692,Poop,17/07/2021,11:14:00,
9,57.1658,-3.7211,Poop,18/07/2021,11:22:00,
10,57.1596,-3.7094,P-AbC,18/07/2021,12:19:00,
11,57.1596,-3.7094,CW,18/07/2021,12:19:00,
12,57.1596,-3.7094,Fire Scar,18/07/2021,12:19:00,
13,57.1751,-3.6562,Poop,30/07/2021,12:48:00,
14,,,,,,
15,,,,,,
16,,,,,,
17,,,,,,
18,,,,,,
19,,,,,,
20,,,,,,
